<?xml version="1.0" encoding="utf-8"?>
<Lockscreen version="1" frameRate="30">
    <Wallpaper src = "default_lock_wallpaper.jpg"/>
    <Unlocker name="unlocker" bounceInitSpeed="100" bounceAcceleration="1500">
        <StartPoint x="0" y="740" w="1080" h="200" normalSound="sound_normal.mp3" pressedSound="sound_normal.mp3">
            <NormalState>
                <Image x="#screen_width/2-89" y="913" src="layer0.png">
                    <PositionAnimation>
                        <Position x="0" y="40" time="0"/>
                        <Position x="0" y="40" time="500"/>
                        <Position x="0" y="0" time="800"/>
                        <Position x="0" y="0" time="1000000000000"/>
                    </PositionAnimation>
                </Image>
                <Image x="#screen_width/2-180" y="875" src="layer0_engine_left.png">
                    <PositionAnimation>
                        <Position x="-20" y="70" time="0"/>
                        <Position x="-20" y="70" time="300"/>
                        <Position x="0" y="0" time="600"/>
                        <Position x="0" y="0" time="1000000000000"/>
                    </PositionAnimation>
                </Image>
                <Image x="#screen_width/2+84" y="875" src="layer0_engine_right.png">
                    <PositionAnimation>
                        <Position x="20" y="70" time="0"/>
                        <Position x="20" y="70" time="300"/>
                        <Position x="0" y="0" time="600"/>
                        <Position x="0" y="0" time="1000000000000"/>
                    </PositionAnimation>
                </Image>
                <Image x="#screen_width/2-328" y="727" src="layer0_gun_left1.png" centerX="214" centerY="84">
                    <RotationAnimation>
                        <Rotation angle="30" time="0"/>
                        <Rotation angle="30" time="500"/>
                        <Rotation angle="0" time="800"/>
                        <Rotation angle="0" time="1000000000000"/>
                    </RotationAnimation>
                </Image>
                <Image x="#screen_width/2+114" y="727" src="layer0_gun_right1.png" antiAlias="true" centerX="0" centerY="84">
                    <RotationAnimation>
                        <Rotation angle="-30" time="0"/>
                        <Rotation angle="-30" time="500"/>
                        <Rotation angle="0" time="800"/>
                        <Rotation angle="0" time="1000000000000"/>
                    </RotationAnimation>
                </Image>
                <Image x="#screen_width/2-231" y="745" src="layer0_gun_left2.png" antiAlias="true" centerX="161" centerY="72">
                    <RotationAnimation>
                        <Rotation angle="30" time="0"/>
                        <Rotation angle="30" time="800"/>
                        <Rotation angle="0" time="1100"/>
                        <Rotation angle="0" time="1000000000000"/>
                    </RotationAnimation>
                </Image>
                <Image x="#screen_width/2+70" y="745" src="layer0_gun_right2.png" antiAlias="true" centerX="0" centerY="72">
                    <RotationAnimation>
                        <Rotation angle="-30" time="0"/>
                        <Rotation angle="-30" time="800"/>
                        <Rotation angle="0" time="1100"/>
                        <Rotation angle="0" time="1000000000000"/>
                    </RotationAnimation>
                </Image>
                <Image x="#screen_width/2-240" y="716" src="layer1_back.png"/>

                <Image x="#screen_width/2-214" y="844" src="layer2_engine_left.png">
                    <PositionAnimation>
                        <Position x="-20" y="20" time="0"/>
                        <Position x="0" y="0" time="300"/>
                        <Position x="0" y="0" time="1000000000000"/>
                    </PositionAnimation>
                </Image>
                <Image x="#screen_width/2-228" y="875" src="layer2_enginefire_left.png">
                    <PositionAnimation>
                        <Position x="-20" y="20" time="0"/>
                        <Position x="0" y="0" time="300"/>
                        <Position x="0" y="0" time="1000000000000"/>
                    </PositionAnimation>
                    <AlphaAnimation>
                        <Alpha a="255" time="0"/>
                        <Alpha a="0" time="500"/>
                        <Alpha a="0" time="1000000000000"/>
                    </AlphaAnimation>
                </Image>
                <Image x="#screen_width/2-228" y="875" src="layer2_enginefire_left.png">
                    <AlphaAnimation>
                        <Alpha a="0" time="0"/>
                        <Alpha a="0" time="1000"/>
                        <Alpha a="255" time="1500"/>
                        <Alpha a="180" time="2000"/>
                        <Alpha a="255" time="2500"/>
                        <Alpha a="150" time="2800"/>
                        <Alpha a="255" time="3100"/>
                        <Alpha a="0" time="3600"/>
                        <Alpha a="0" time="8000"/>
                    </AlphaAnimation>
                </Image>

                <Image x="#screen_width/2+73" y="844" src="layer2_engine_right.png">
                    <PositionAnimation>
                        <Position x="20" y="20" time="0"/>
                        <Position x="0" y="0" time="300"/>
                        <Position x="0" y="0" time="1000000000000"/>
                    </PositionAnimation>
                </Image>
                <Image x="#screen_width/2+93" y="875" src="layer2_enginefire_right.png">
                    <PositionAnimation>
                        <Position x="20" y="20" time="0"/>
                        <Position x="0" y="0" time="300"/>
                        <Position x="0" y="0" time="1000000000000"/>
                    </PositionAnimation>
                    <AlphaAnimation>
                        <Alpha a="255" time="0"/>
                        <Alpha a="0" time="500"/>
                        <Alpha a="0" time="1000000000000"/>
                    </AlphaAnimation>
                </Image>
                <Image x="#screen_width/2+93" y="875" src="layer2_enginefire_right.png">
                    <AlphaAnimation>
                        <Alpha a="0" time="0"/>
                        <Alpha a="0" time="1000"/>
                        <Alpha a="255" time="1500"/>
                        <Alpha a="180" time="2000"/>
                        <Alpha a="255" time="2500"/>
                        <Alpha a="150" time="2800"/>
                        <Alpha a="255" time="3100"/>
                        <Alpha a="0" time="3600"/>
                        <Alpha a="0" time="8000"/>
                    </AlphaAnimation>
                </Image>

                <Image x="#screen_width/2-116" y="873" src="layer3.png">
                    <PositionAnimation>
                        <Position x="0" y="20" time="0"/>
                        <Position x="0" y="0" time="500"/>
                        <Position x="0" y="0" time="1000000000000"/>
                    </PositionAnimation>
                </Image>

                <Image x="#screen_width/2-240" y="699" src="layer4_main.png"/>

                <Image x="#screen_width/2-181" y="846" src="layer5_left.png">
                    <PositionAnimation>
                        <Position x="0" y="-20" time="0"/>
                        <Position x="0" y="-20" time="300"/>
                        <Position x="0" y="0" time="600"/>
                        <Position x="0" y="0" time="1000000000000"/>
                    </PositionAnimation>
                </Image>
                <Image x="#screen_width/2+18" y="846" src="layer5_right.png">
                    <PositionAnimation>
                        <Position x="0" y="-20" time="0"/>
                        <Position x="0" y="-20" time="300"/>
                        <Position x="0" y="0" time="600"/>
                        <Position x="0" y="0" time="1000000000000"/>
                    </PositionAnimation>
                </Image>
                <Image x="#screen_width/2-140" y="745" src="layer6.png"/>
                <Image x="#screen_width/2-257" y="772" src="layer7_left.png">
                    <PositionAnimation>
                        <Position x="-50" y="0" time="0"/>
                        <Position x="0" y="0" time="600"/>
                        <Position x="0" y="0" time="1000000000000"/>
                    </PositionAnimation>
                </Image>
                <Image x="#screen_width/2+108" y="772" src="layer7_right.png">
                    <PositionAnimation>
                        <Position x="50" y="0" time="0"/>
                        <Position x="0" y="0" time="600"/>
                        <Position x="0" y="0" time="1000000000000"/>
                    </PositionAnimation>
                </Image>
            </NormalState>
            <PressedState>
                <Image x="#screen_width/2-89" y="913" src="layer0.png">
                    <PositionAnimation>
                        <Position x="0" y="0" time="0"/>
                        <Position x="0" y="0" time="500"/>
                        <Position x="0" y="40" time="800"/>
                        <Position x="0" y="40" time="1000000000000"/>
                    </PositionAnimation>
                </Image>
                <Image x="#screen_width/2-180" y="875" src="layer0_engine_left.png">
                    <PositionAnimation>
                        <Position x="0" y="0" time="0"/>
                        <Position x="0" y="0" time="300"/>
                        <Position x="-20" y="70" time="600"/>
                        <Position x="-20" y="70" time="1000000000000"/>
                    </PositionAnimation>
                </Image>
                <Image x="#screen_width/2+84" y="875" src="layer0_engine_right.png">
                    <PositionAnimation>
                        <Position x="0" y="0" time="0"/>
                        <Position x="0" y="0" time="300"/>
                        <Position x="20" y="70" time="600"/>
                        <Position x="20" y="70" time="1000000000000"/>
                    </PositionAnimation>
                </Image>
                <Image x="#screen_width/2-328" y="727" src="layer0_gun_left1.png" antiAlias="true" centerX="214" centerY="84">
                    <RotationAnimation>
                        <Rotation angle="0" time="0"/>
                        <Rotation angle="0" time="800"/>
                        <Rotation angle="30" time="1100"/>
                        <Rotation angle="30" time="1000000000000"/>
                    </RotationAnimation>
                </Image>
                <Image x="#screen_width/2+114" y="727" src="layer0_gun_right1.png" antiAlias="true" centerX="0" centerY="84">
                    <RotationAnimation>
                        <Rotation angle="0" time="0"/>
                        <Rotation angle="0" time="800"/>
                        <Rotation angle="-30" time="1100"/>
                        <Rotation angle="-30" time="1000000000000"/>
                    </RotationAnimation>
                </Image>
                <Image x="#screen_width/2-231" y="745" src="layer0_gun_left2.png" antiAlias="true" centerX="161" centerY="72">
                    <RotationAnimation>
                        <Rotation angle="0" time="0"/>
                        <Rotation angle="0" time="500"/>
                        <Rotation angle="30" time="800"/>
                        <Rotation angle="30" time="1000000000000"/>
                    </RotationAnimation>
                </Image>
                <Image x="#screen_width/2+70" y="745" src="layer0_gun_right2.png" antiAlias="true" centerX="0" centerY="72">
                    <RotationAnimation>
                        <Rotation angle="0" time="0"/>
                        <Rotation angle="0" time="500"/>
                        <Rotation angle="-30" time="800"/>
                        <Rotation angle="-30" time="1000000000000"/>
                    </RotationAnimation>
                </Image>
                <Image x="#screen_width/2-240" y="716" src="layer1_back.png"/>

                <Image x="#screen_width/2-214" y="844" src="layer2_engine_left.png">
                    <PositionAnimation>
                        <Position x="-20" y="20" time="300"/>
                        <Position x="-20" y="20" time="1000000000000"/>
                    </PositionAnimation>
                </Image>
                <Image x="#screen_width/2-228" y="875" src="layer2_enginefire_left.png">
                    <PositionAnimation>
                        <Position x="-20" y="20" time="300"/>
                        <Position x="-20" y="20" time="1000000000000"/>
                    </PositionAnimation>
                    <AlphaAnimation>
                        <Alpha a="0" time="0"/>
                        <Alpha a="255" time="500"/>
                        <Alpha a="0" time="501"/>
                        <Alpha a="0" time="1000000000000"/>
                    </AlphaAnimation>
                </Image>
                <Image x="#screen_width/2-248" y="895" src="layer2_enginefire_left.png">
                    <AlphaAnimation>
                        <Alpha a="200" time="0"/>
                        <Alpha a="255" time="500"/>
                        <Alpha a="200" time="1000"/>
                    </AlphaAnimation>
                </Image>
                <Image x="#screen_width/2+73" y="844" src="layer2_engine_right.png">
                    <PositionAnimation>
                        <Position x="20" y="20" time="300"/>
                        <Position x="20" y="20" time="1000000000000"/>
                    </PositionAnimation>
                </Image>
                <Image x="#screen_width/2+93" y="875" src="layer2_enginefire_right.png">
                    <PositionAnimation>
                        <Position x="20" y="20" time="300"/>
                        <Position x="20" y="20" time="1000000000000"/>
                    </PositionAnimation>
                    <AlphaAnimation>
                        <Alpha a="0" time="0"/>
                        <Alpha a="255" time="500"/>
                        <Alpha a="0" time="501"/>
                        <Alpha a="0" time="1000000000000"/>
                    </AlphaAnimation>
                </Image>
                <Image x="#screen_width/2+113" y="895" src="layer2_enginefire_right.png">
                    <AlphaAnimation>
                        <Alpha a="200" time="0"/>
                        <Alpha a="255" time="500"/>
                        <Alpha a="200" time="1000"/>
                    </AlphaAnimation>
                </Image>
                <Image x="#screen_width/2-116" y="873" src="layer3.png">
                    <PositionAnimation>
                        <Position x="0" y="20" time="500"/>
                        <Position x="0" y="20" time="1000000000000"/>
                    </PositionAnimation>
                </Image>

                <Image x="#screen_width/2-240" y="699" src="layer4_main.png"/>

                <Image x="#screen_width/2-181" y="846" src="layer5_left.png">
                    <PositionAnimation>
                        <Position x="0" y="0" time="300"/>
                        <Position x="0" y="-20" time="600"/>
                        <Position x="0" y="-20" time="1000000000000"/>
                    </PositionAnimation>
                </Image>
                <Image x="#screen_width/2+18" y="846" src="layer5_right.png">
                    <PositionAnimation>
                        <Position x="0" y="0" time="300"/>
                        <Position x="0" y="-20" time="600"/>
                        <Position x="0" y="-20" time="1000000000000"/>
                    </PositionAnimation>
                </Image>
                <Image x="#screen_width/2-140" y="745" src="layer6.png"/>
                <Image x="#screen_width/2-257" y="772" src="layer7_left.png">
                    <PositionAnimation>
                        <Position x="-50" y="0" time="600"/>
                        <Position x="-50" y="0" time="1000000000000"/>
                    </PositionAnimation>
                </Image>
                <Image x="#screen_width/2+108" y="772" src="layer7_right.png">
                    <PositionAnimation>
                        <Position x="50" y="0" time="600"/>
                        <Position x="50" y="0" time="1000000000000"/>
                    </PositionAnimation>
                </Image>
            </PressedState>
			<Image x="#screen_width/2-53" y="886" src="batterylow.png" category="Normal" />
        </StartPoint>
        <EndPoint x="0" y="940" w="1080" h="400">
            <Path tolerance="300">
                <Position x="0" y="440" />
                <Position x="0" y="900" />
            </Path>
        </EndPoint>

    </Unlocker>
	<Time x="#screen_width/2" y="800+#unlocker.move_y" src="lock_screen_bar_time.png" align="center"/>
</Lockscreen>
